area_code,area_name,sum(value)
1,Neukölln,142621.33333333334
2,Britz/Buckow,61477.333333333336
3,Gropiusstadt,31491.333333333332
4,Buckow Nord/Rudow,45918
